uid,gene_id,direction,padj,log2FoldChange,source
BM_0,ENSG00000115414,up,5.576509758991891e-52,3.16743363677005,tnbc140226
BM_1,ENSG00000115290,up,1.90298109523584e-35,2.7665452702584,tnbc140226
BM_2,ENSG00000164099,up,1.3683017615807e-27,2.58369119261357,tnbc140226
BM_3,ENSG00000117594,up,4.8828989930259e-23,2.50568574198806,tnbc140226
BM_4,ENSG00000169245,up,2.70647869412955e-22,6.61142801928446,tnbc140226
BM_5,ENSG00000112183,up,3.70397262966535e-22,1.67137097684291,tnbc140226
BM_6,ENSG00000104368,up,1.34043349907786e-20,1.28594265273587,tnbc140226
BM_7,ENSG00000183160,up,7.06471302999346e-20,2.32439238547794,tnbc140226
BM_8,ENSG00000127955,up,1.11346101300907e-18,2.01062074548231,tnbc140226
BM_9,ENSG00000102468,up,2.60082053745056e-18,3.97028564968397,tnbc140226
BM_10,ENSG00000234745,up,1.08825544519753e-14,1.87514402037196,tnbc140226
BM_11,ENSG00000144331,up,1.3078443407076701e-14,1.36100370236367,tnbc140226
BM_12,ENSG00000127863,up,3.88901688313919e-14,1.23149405676373,tnbc140226
BM_13,ENSG00000128564,up,1.01637392958462e-13,1.39329308709821,tnbc140226
BM_14,ENSG00000120217,up,2.7720647457052897e-12,2.07114264506738,tnbc140226
BM_15,ENSG00000039560,up,7.08080787207902e-11,1.25564199308157,tnbc140226
BM_16,ENSG00000105928,up,4.45504126722413e-10,1.13072596315407,tnbc140226
BM_17,ENSG00000154027,up,5.41057940366859e-10,1.14589832669742,tnbc140226
BM_18,ENSG00000164683,up,2.36668711328921e-09,2.22400757375833,tnbc140226
BM_19,ENSG00000154153,up,4.08276502945741e-09,1.46616922913954,tnbc140226
BM_20,ENSG00000073756,up,4.35891225088173e-09,1.65911808775405,tnbc140226
BM_21,ENSG00000196878,up,8.54531389170539e-09,1.23940580174451,tnbc140226
BM_22,ENSG00000175513,up,4.61916425276329e-08,2.28663581975727,tnbc140226
BM_23,ENSG00000095397,up,6.64630096922569e-08,1.12111266979321,tnbc140226
BM_24,ENSG00000196358,up,6.69721217112934e-08,1.49541813750239,tnbc140226
BM_25,ENSG00000065534,up,1.66327016065595e-07,1.46799055735374,tnbc140226
BM_26,ENSG00000154265,up,1.8833603341157e-07,1.64414296989489,tnbc140226
BM_27,ENSG00000170485,up,2.74420609449419e-07,1.4436709790233,tnbc140226
BM_28,ENSG00000151468,up,3.48593526333256e-07,1.13336976243654,tnbc140226
BM_29,ENSG00000206503,up,3.75165308508856e-07,1.12216778735971,tnbc140226
BM_30,ENSG00000071282,up,8.46828664713522e-07,1.22372359530497,tnbc140226
BM_31,ENSG00000204792,up,8.70799394067771e-07,1.78822347484099,tnbc140226
BM_32,ENSG00000118513,up,1.34454147791328e-06,1.58764241936144,tnbc140226
BM_33,ENSG00000164849,up,2.73934493085618e-06,1.4149083734698,tnbc140226
BM_34,ENSG00000135678,up,4.3644135489728e-06,1.00005777015114,tnbc140226
BM_35,ENSG00000205861,up,7.82986608943737e-06,1.11651609368546,tnbc140226
BM_36,ENSG00000122862,up,1.05064957629288e-05,1.14967872325619,tnbc140226
BM_37,ENSG00000028277,up,1.05064957629288e-05,1.63170742973996,tnbc140226
BM_38,ENSG00000085117,up,1.10150453155801e-05,1.08422022990122,tnbc140226
BM_39,ENSG00000125810,up,1.50219542537918e-05,2.23667534813734,tnbc140226
BM_40,ENSG00000138735,up,1.88514529703789e-05,1.63547949003997,tnbc140226
BM_41,ENSG00000264635,up,2.79712765479213e-05,1.6287233819125,tnbc140226
BM_42,ENSG00000247627,up,3.66994068751896e-05,1.15163569567239,tnbc140226
BM_43,ENSG00000226203,up,3.66994068751896e-05,1.17951416464202,tnbc140226
BM_44,ENSG00000143995,up,3.93525927494982e-05,1.10146669286614,tnbc140226
BM_45,ENSG00000144749,up,4.02415808688261e-05,1.10389198165901,tnbc140226
BM_46,ENSG00000224940,up,5.21555929938358e-05,2.42293850418776,tnbc140226
BM_47,ENSG00000140092,up,5.21555929938358e-05,1.90096233488771,tnbc140226
BM_48,ENSG00000140853,up,7.30449668242611e-05,1.35450354295238,tnbc140226
BM_49,ENSG00000156219,up,8.7144746638573e-05,4.70239818226312,tnbc140226
BM_50,ENSG00000244414,up,0.000109529782027,2.78912719769105,tnbc140226
BM_51,ENSG00000099260,up,0.0001142422224361,1.43051324054247,tnbc140226
BM_52,ENSG00000155511,up,0.000136201726635,2.37733187798956,tnbc140226
BM_53,ENSG00000136997,up,0.0001578917198622,1.06164535138282,tnbc140226
BM_54,ENSG00000148926,up,0.0002865018625916,1.28154229533087,tnbc140226
BM_55,ENSG00000170323,up,0.0003651024749366,2.05437171780643,tnbc140226
BM_56,ENSG00000055732,up,0.0005440573203966,1.05090313363809,tnbc140226
BM_57,ENSG00000278493,up,0.0005884385967845,2.17426214070043,tnbc140226
BM_58,ENSG00000087074,up,0.0007020154717898,1.16878426040162,tnbc140226
BM_59,ENSG00000012223,up,0.0007869231701507,1.69174493561923,tnbc140226
BM_60,ENSG00000179403,up,0.0007936483227322,1.53290383131886,tnbc140226
BM_61,ENSG00000050344,up,0.0010961010302965,1.02805958414116,tnbc140226
BM_62,ENSG00000276168,up,0.0011346446101337,2.04382280056766,tnbc140226
BM_63,ENSG00000168621,up,0.0013308037361704,1.22839052754984,tnbc140226
BM_64,ENSG00000232977,up,0.0015183663624769,2.56886267557383,tnbc140226
BM_65,ENSG00000269028,up,0.0022327287791537,1.09379716618168,tnbc140226
BM_66,ENSG00000134917,up,0.0023409487621484,1.20640142810947,tnbc140226
BM_67,ENSG00000130751,up,0.0024576507137205,1.1714190987924,tnbc140226
BM_68,ENSG00000179598,up,0.0035771436018505,1.14396753085961,tnbc140226
BM_69,ENSG00000287569,up,0.0047765275689765,1.14080329559985,tnbc140226
BM_70,ENSG00000082126,up,0.0049534846006599,1.60128941121661,tnbc140226
BM_71,ENSG00000147697,up,0.0056050094460812,1.50682104920897,tnbc140226
BM_72,ENSG00000250746,up,0.0071850957397097,1.05376305686812,tnbc140226
BM_73,ENSG00000182372,up,0.007222788435723,1.54857513140807,tnbc140226
BM_74,ENSG00000117394,up,0.0078146873316814,1.1706097736265,tnbc140226
BM_75,ENSG00000116679,up,0.0084334275191647,1.20267170988665,tnbc140226
BM_76,ENSG00000210194,up,0.0084686767518479,1.22205447059755,tnbc140226
BM_77,ENSG00000275092,up,0.0085745901302787,2.75369785332239,tnbc140226
BM_78,ENSG00000013441,up,0.0089361401047037,1.24637009163496,tnbc140226
BM_79,ENSG00000179094,up,0.0100856048459795,1.07833453057223,tnbc140226
BM_80,ENSG00000277075,up,0.0102641574300482,1.09345905151731,tnbc140226
BM_81,ENSG00000008517,up,0.0107620941778299,1.11425315114699,tnbc140226
BM_82,ENSG00000286523,up,0.0110823541962448,4.48880405592807,tnbc140226
BM_83,ENSG00000008118,up,0.0112871854424057,1.25369702216422,tnbc140226
BM_84,ENSG00000203710,up,0.0117191050703466,1.01270598008316,tnbc140226
BM_85,ENSG00000266498,up,0.013501632842256,3.18224430406052,tnbc140226
BM_86,ENSG00000179101,up,0.0138872074031434,1.71866820314858,tnbc140226
BM_87,ENSG00000144891,up,0.0152463646988531,1.01473851944145,tnbc140226
BM_88,ENSG00000278987,up,0.0156689933459305,2.15438364024672,tnbc140226
BM_89,ENSG00000134242,up,0.0166277990519453,1.09866933529947,tnbc140226
BM_90,ENSG00000232611,up,0.0166926788972302,1.30827709547712,tnbc140226
BM_91,ENSG00000243137,up,0.0180320257227352,1.25128366573944,tnbc140226
BM_92,ENSG00000188375,up,0.0185837942358558,1.39718350026222,tnbc140226
BM_93,ENSG00000243130,up,0.0185839893382577,1.86772930670137,tnbc140226
BM_94,ENSG00000160223,up,0.0190695860579593,1.00224869305813,tnbc140226
BM_95,ENSG00000248503,up,0.0190695860579593,1.82896902646313,tnbc140226
BM_96,ENSG00000108381,up,0.0197082394291293,2.54411835814758,tnbc140226
BM_97,ENSG00000223802,up,0.0203416053031837,1.04041143540756,tnbc140226
BM_98,ENSG00000232177,up,0.0209780923040703,1.97496955191762,tnbc140226
BM_99,ENSG00000174469,up,0.0235519406880322,1.28438818264211,tnbc140226
BM_100,ENSG00000140297,up,0.0246246711716914,1.41671475288859,tnbc140226
BM_101,ENSG00000279861,up,0.0248871247166215,1.22747116138848,tnbc140226
BM_102,ENSG00000265190,up,0.0251090296871214,4.12114772529216,tnbc140226
BM_103,ENSG00000213928,up,0.0251090296871214,1.47262840209966,tnbc140226
BM_104,ENSG00000242660,up,0.0251090296871214,1.18190630906932,tnbc140226
BM_105,ENSG00000254887,up,0.0251090296871214,1.35614002617621,tnbc140226
BM_106,ENSG00000229337,up,0.0260918300454436,1.21675645781042,tnbc140226
BM_107,ENSG00000254577,up,0.026615511720102,1.98852625274033,tnbc140226
BM_108,ENSG00000261123,up,0.0283070327029723,1.75639986089303,tnbc140226
BM_109,ENSG00000189120,up,0.0286190488966368,1.07753904717915,tnbc140226
BM_110,ENSG00000236577,up,0.0290005662164906,1.54548319530456,tnbc140226
BM_111,ENSG00000242221,up,0.0301969153886461,2.52244221640639,tnbc140226
BM_112,ENSG00000235408,up,0.0307491430143536,1.3558479217246,tnbc140226
BM_113,ENSG00000248626,up,0.0312891152084033,1.12131348219012,tnbc140226
BM_114,ENSG00000273320,up,0.033320949991542,1.86956248139933,tnbc140226
BM_115,ENSG00000215895,up,0.0334631314899987,1.02463724031651,tnbc140226
BM_116,ENSG00000175471,up,0.0336825005590611,1.06648446949362,tnbc140226
BM_117,ENSG00000163050,up,0.0347641166717033,1.50131541183908,tnbc140226
BM_118,ENSG00000232888,up,0.0379790521777342,1.04180114375681,tnbc140226
BM_119,ENSG00000226243,up,0.0388804123181522,1.10542023506315,tnbc140226
BM_120,ENSG00000112299,up,0.0397342980570281,1.09809223381573,tnbc140226
BM_121,ENSG00000259790,up,0.0402006885460935,1.1667210439016,tnbc140226
BM_122,ENSG00000277117,up,0.0403661022964503,1.00731375670579,tnbc140226
BM_123,ENSG00000232389,up,0.0415707642400317,1.01374720467409,tnbc140226
BM_124,ENSG00000214185,up,0.0429969073571571,1.22037290163009,tnbc140226
BM_125,ENSG00000213782,up,0.0430963693276717,1.59454998889607,tnbc140226
BM_126,ENSG00000224462,up,0.0456513413459678,1.01889575153836,tnbc140226
BM_127,ENSG00000100836,up,0.046797974623146,1.02734011645892,tnbc140226
BM_128,ENSG00000250155,up,0.047133257495761,1.70984025356845,tnbc140226
BM_129,ENSG00000146374,up,0.047182600991551,1.02215389608379,tnbc140226
BM_130,ENSG00000279738,up,0.0489654180717683,1.35264338120883,tnbc140226
BM_131,ENSG00000051523,down,1.30539454938524e-111,-5.22312974367578,tnbc140226
BM_132,ENSG00000123496,down,8.606020117247e-77,-4.70716037594081,tnbc140226
BM_133,ENSG00000115318,down,1.4758895784022798e-55,-3.57767595440771,tnbc140226
BM_134,ENSG00000106991,down,3.9283958916386004e-53,-2.29400575367471,tnbc140226
BM_135,ENSG00000128606,down,6.674824260494249e-49,-4.24954172527652,tnbc140226
BM_136,ENSG00000135269,down,5.25561126031072e-44,-4.55763088335234,tnbc140226
BM_137,ENSG00000162407,down,2.32200216284775e-41,-4.62521701057218,tnbc140226
BM_138,ENSG00000184347,down,1.11781053167641e-39,-2.3065538677126,tnbc140226
BM_139,ENSG00000103485,down,1.24160393218955e-39,-4.62337751996095,tnbc140226
BM_140,ENSG00000169744,down,2.61884927732386e-38,-5.01819466829383,tnbc140226
BM_141,ENSG00000112769,down,2.8631876161403e-36,-3.17392346017494,tnbc140226
BM_142,ENSG00000128567,down,3.39912360598014e-35,-3.29720013453927,tnbc140226
BM_143,ENSG00000149591,down,5.80534173560727e-31,-3.56897978618641,tnbc140226
BM_144,ENSG00000166025,down,1.6891618873341899e-28,-2.85391649009291,tnbc140226
BM_145,ENSG00000131203,down,3.4705465410119896e-28,-2.71099101976331,tnbc140226
BM_146,ENSG00000144810,down,4.17303948827329e-28,-4.04756450274373,tnbc140226
BM_147,ENSG00000104419,down,3.98952116244091e-26,-3.21190594883098,tnbc140226
BM_148,ENSG00000197632,down,1.3144831902648902e-25,-6.12605670085371,tnbc140226
BM_149,ENSG00000180818,down,2.24089364813977e-25,-2.53160717965349,tnbc140226
BM_150,ENSG00000108602,down,2.3873232377558103e-25,-2.13858937351129,tnbc140226
BM_151,ENSG00000001617,down,2.60995497297153e-24,-1.68539719548121,tnbc140226
BM_152,ENSG00000184515,down,4.42038920504231e-22,-5.27724489203265,tnbc140226
BM_153,ENSG00000139329,down,3.61260567731422e-21,-2.17028715999313,tnbc140226
BM_154,ENSG00000114251,down,1.0567676177736501e-19,-4.23650599967993,tnbc140226
BM_155,ENSG00000166033,down,1.3968752539303602e-19,-2.97718699632113,tnbc140226
BM_156,ENSG00000183486,down,2.42373793092422e-19,-11.5866316363518,tnbc140226
BM_157,ENSG00000179046,down,4.51219918722042e-18,-3.4067112265208,tnbc140226
BM_158,ENSG00000185339,down,3.80615405316707e-17,-3.52434525571979,tnbc140226
BM_159,ENSG00000173198,down,4.01923464684262e-17,-2.5335362092344,tnbc140226
BM_160,ENSG00000154096,down,7.593724442286061e-17,-1.28060703606896,tnbc140226
BM_161,ENSG00000137959,down,1.0479691818119e-16,-2.94119593359315,tnbc140226
BM_162,ENSG00000147408,down,8.42901245562658e-16,-10.4766003957189,tnbc140226
BM_163,ENSG00000196511,down,3.2073218144764e-15,-1.94227771610195,tnbc140226
BM_164,ENSG00000162194,down,5.588713830699261e-15,-2.51343130945105,tnbc140226
BM_165,ENSG00000263873,down,5.588713830699261e-15,-1.74009832664452,tnbc140226
BM_166,ENSG00000078098,down,2.52347504322783e-14,-10.0791963347949,tnbc140226
BM_167,ENSG00000111371,down,3.07241132236794e-14,-1.42404107719155,tnbc140226
BM_168,ENSG00000152580,down,3.15174841784968e-14,-4.03027730094646,tnbc140226
BM_169,ENSG00000001561,down,1.32740046195444e-13,-1.77721765471591,tnbc140226
BM_170,ENSG00000137868,down,1.9933884702364099e-13,-3.98823608074539,tnbc140226
BM_171,ENSG00000164176,down,2.58592526182242e-13,-5.35950194546762,tnbc140226
BM_172,ENSG00000154678,down,2.58592526182242e-13,-7.05044419080707,tnbc140226
BM_173,ENSG00000135919,down,4.68041879831022e-13,-2.10263262890581,tnbc140226
BM_174,ENSG00000171234,down,5.6979656859341796e-12,-7.99401332752547,tnbc140226
BM_175,ENSG00000049247,down,6.80669795341017e-12,-4.24520358811743,tnbc140226
BM_176,ENSG00000136231,down,7.49893067818516e-12,-2.27202772749957,tnbc140226
BM_177,ENSG00000158445,down,1.09471608291873e-11,-2.82007075442049,tnbc140226
BM_178,ENSG00000173546,down,1.10434087257421e-11,-1.12380323028212,tnbc140226
BM_179,ENSG00000102678,down,1.5000057828536097e-11,-1.83993935645196,tnbc140226
BM_180,ENSG00000151790,down,2.07108701502491e-11,-2.29506147932375,tnbc140226
BM_181,ENSG00000011465,down,2.10668895407873e-11,-3.26291234119759,tnbc140226
BM_182,ENSG00000162458,down,2.7463686639829897e-11,-1.48508427165238,tnbc140226
BM_183,ENSG00000115902,down,4.37587179185181e-11,-1.73026096344458,tnbc140226
BM_184,ENSG00000113319,down,4.59609780524727e-11,-9.0694923746019,tnbc140226
BM_185,ENSG00000099204,down,4.9961851298578394e-11,-1.32999201339274,tnbc140226
BM_186,ENSG00000203727,down,7.959803276012439e-11,-2.58705473232397,tnbc140226
BM_187,ENSG00000122378,down,9.650665480034729e-11,-5.3711719873594,tnbc140226
BM_188,ENSG00000176463,down,1.35477309636051e-10,-1.0266730991548,tnbc140226
BM_189,ENSG00000075461,down,1.40673300030587e-10,-1.10950812916534,tnbc140226
BM_190,ENSG00000168952,down,1.42041407199469e-10,-3.4060916430191,tnbc140226
BM_191,ENSG00000131149,down,2.58980837591122e-10,-1.02719963338172,tnbc140226
BM_192,ENSG00000132639,down,4.70563474680262e-10,-2.72154588955437,tnbc140226
BM_193,ENSG00000259803,down,7.93035787078922e-10,-2.28391426236059,tnbc140226
BM_194,ENSG00000166265,down,7.93035787078922e-10,-8.52954361536216,tnbc140226
BM_195,ENSG00000117115,down,9.92365198458482e-10,-1.54555804382264,tnbc140226
BM_196,ENSG00000071575,down,1.01301937711368e-09,-1.87392799496334,tnbc140226
BM_197,ENSG00000120594,down,1.02116344192988e-09,-8.45282843538163,tnbc140226
BM_198,ENSG00000151388,down,1.07795358507698e-09,-7.31049684004155,tnbc140226
BM_199,ENSG00000171033,down,1.1088567848982902e-09,-8.43638051096422,tnbc140226
BM_200,ENSG00000084636,down,1.58751173784133e-09,-1.92475122523623,tnbc140226
BM_201,ENSG00000157680,down,2.2326750561575203e-09,-1.85068733730596,tnbc140226
BM_202,ENSG00000143126,down,2.8342472238558402e-09,-1.00811665154507,tnbc140226
BM_203,ENSG00000129009,down,2.97970519939544e-09,-3.84933226223847,tnbc140226
BM_204,ENSG00000196376,down,4.18052274573846e-09,-1.91802480866846,tnbc140226
BM_205,ENSG00000115461,down,4.35891225088173e-09,-8.55921025255288,tnbc140226
BM_206,ENSG00000157087,down,4.35891225088173e-09,-7.47942119660934,tnbc140226
BM_207,ENSG00000079385,down,8.843866122661931e-09,-3.37665305987993,tnbc140226
BM_208,ENSG00000112175,down,1.82334869410284e-08,-8.04356040273569,tnbc140226
BM_209,ENSG00000114757,down,1.9027870445472e-08,-4.47935548743099,tnbc140226
BM_210,ENSG00000183778,down,3.59815975528731e-08,-6.87167323110627,tnbc140226
BM_211,ENSG00000184809,down,3.80458044257075e-08,-7.91578866769721,tnbc140226
BM_212,ENSG00000137767,down,4.73437910109446e-08,-6.76677999311725,tnbc140226
BM_213,ENSG00000159674,down,6.60418507299491e-08,-1.3604370842859,tnbc140226
BM_214,ENSG00000183287,down,6.60418507299491e-08,-5.28320904626605,tnbc140226
BM_215,ENSG00000101096,down,7.47289639983561e-08,-1.44034356189592,tnbc140226
BM_216,ENSG00000211934,down,1.10372659158989e-07,-2.77372987098949,tnbc140226
BM_217,ENSG00000105792,down,1.72403073711259e-07,-2.60797380207507,tnbc140226
BM_218,ENSG00000167779,down,2.82534224735259e-07,-1.07346299224872,tnbc140226
BM_219,ENSG00000116774,down,3.01591599597043e-07,-4.97358766466089,tnbc140226
BM_220,ENSG00000260448,down,3.44806986900837e-07,-2.41312783507698,tnbc140226
BM_221,ENSG00000272808,down,3.53339634244287e-07,-5.42067610456954,tnbc140226
BM_222,ENSG00000105894,down,3.75165308508856e-07,-1.69344927718416,tnbc140226
BM_223,ENSG00000103196,down,4.67162858628621e-07,-2.55912463723249,tnbc140226
BM_224,ENSG00000103522,down,5.67705056759516e-07,-4.14962999054325,tnbc140226
BM_225,ENSG00000135048,down,9.63182054747587e-07,-2.02853149565245,tnbc140226
BM_226,ENSG00000154102,down,9.66550294787049e-07,-2.10085233129622,tnbc140226
BM_227,ENSG00000164283,down,1.12913707050955e-06,-9.61517310439628,tnbc140226
BM_228,ENSG00000172828,down,1.78044285544803e-06,-1.86867751998727,tnbc140226
BM_229,ENSG00000185634,down,1.80727019714533e-06,-2.58383479594996,tnbc140226
BM_230,ENSG00000132386,down,2.32969155485376e-06,-1.51534453767554,tnbc140226
BM_231,ENSG00000130707,down,2.46730449011109e-06,-3.77681392777634,tnbc140226
BM_232,ENSG00000154721,down,2.46730449011109e-06,-1.23407671404494,tnbc140226
BM_233,ENSG00000124212,down,2.85094541734605e-06,-3.02006363259218,tnbc140226
BM_234,ENSG00000271447,down,4.29415288536075e-06,-6.8771337439167,tnbc140226
BM_235,ENSG00000121440,down,5.61907547875249e-06,-6.75686631961558,tnbc140226
BM_236,ENSG00000087245,down,5.7915961960234e-06,-4.33539799297488,tnbc140226
BM_237,ENSG00000100311,down,6.10049644615895e-06,-1.30244075469456,tnbc140226
BM_238,ENSG00000215861,down,7.03699297285665e-06,-3.48701826994632,tnbc140226
BM_239,ENSG00000146197,down,7.16724887951137e-06,-1.07092710748548,tnbc140226
BM_240,ENSG00000253741,down,7.1745125432463e-06,-1.63198347089047,tnbc140226
BM_241,ENSG00000206075,down,7.75782570169181e-06,-6.95398373986857,tnbc140226
BM_242,ENSG00000123388,down,7.82986608943737e-06,-3.45971216578701,tnbc140226
BM_243,ENSG00000158859,down,8.95097615407351e-06,-1.78522042435776,tnbc140226
BM_244,ENSG00000189190,down,9.11945292009373e-06,-1.15837487234814,tnbc140226
BM_245,ENSG00000116985,down,9.32776776011942e-06,-1.24131603147475,tnbc140226
BM_246,ENSG00000151789,down,1.00414522233704e-05,-1.21154275869242,tnbc140226
BM_247,ENSG00000145882,down,1.01760068499837e-05,-1.0985190899733,tnbc140226
BM_248,ENSG00000278023,down,1.46468343807691e-05,-2.243930093242,tnbc140226
BM_249,ENSG00000152402,down,1.56759730984731e-05,-3.06055036307295,tnbc140226
BM_250,ENSG00000260630,down,1.77252012772985e-05,-1.54361925023103,tnbc140226
BM_251,ENSG00000155530,down,1.82367899759854e-05,-4.046636043518,tnbc140226
BM_252,ENSG00000174640,down,1.87760820012971e-05,-2.01427150305065,tnbc140226
BM_253,ENSG00000101210,down,1.9977372762633e-05,-1.48346135055183,tnbc140226
BM_254,ENSG00000156510,down,2.25990386815946e-05,-1.96908626075092,tnbc140226
BM_255,ENSG00000153814,down,2.29970065788725e-05,-1.91290688091441,tnbc140226
BM_256,ENSG00000153823,down,2.35859264666248e-05,-1.53532963466276,tnbc140226
BM_257,ENSG00000166578,down,2.95003670040255e-05,-1.13405686731006,tnbc140226
BM_258,ENSG00000234840,down,3.28930085536264e-05,-1.96463056858394,tnbc140226
BM_259,ENSG00000157214,down,3.37747029007016e-05,-1.89861225571626,tnbc140226
BM_260,ENSG00000273297,down,3.50419011532123e-05,-2.59902430509196,tnbc140226
BM_261,ENSG00000075407,down,3.50419011532123e-05,-1.03801740859293,tnbc140226
BM_262,ENSG00000180806,down,3.52941030987774e-05,-1.40134919355843,tnbc140226
BM_263,ENSG00000179083,down,4.02415808688261e-05,-6.5913437489991,tnbc140226
BM_264,ENSG00000120820,down,4.03806989442987e-05,-3.01724611446048,tnbc140226
BM_265,ENSG00000121281,down,4.54200227242635e-05,-1.13456511318111,tnbc140226
BM_266,ENSG00000133636,down,4.82933637674918e-05,-8.6400265851177,tnbc140226
BM_267,ENSG00000168917,down,5.21555929938358e-05,-1.33525107444762,tnbc140226
BM_268,ENSG00000221867,down,5.21555929938358e-05,-5.59128976197124,tnbc140226
BM_269,ENSG00000196415,down,5.22178944072811e-05,-1.56383561067337,tnbc140226
BM_270,ENSG00000058335,down,6.47203901082396e-05,-1.88566631500646,tnbc140226
BM_271,ENSG00000227954,down,6.90154313210541e-05,-6.51340319893837,tnbc140226
BM_272,ENSG00000178878,down,7.3961850404818e-05,-1.55052071969369,tnbc140226
BM_273,ENSG00000198538,down,7.67945566317431e-05,-1.4312482538451,tnbc140226
BM_274,ENSG00000182175,down,7.78648761348861e-05,-1.5266599260084,tnbc140226
BM_275,ENSG00000185924,down,8.43869878276516e-05,-1.00427195920818,tnbc140226
BM_276,ENSG00000116991,down,0.0001028450090653,-1.77684815675998,tnbc140226
BM_277,ENSG00000286769,down,0.0001067141706852,-6.37862702079086,tnbc140226
BM_278,ENSG00000138678,down,0.0001134059970236,-2.01925788095505,tnbc140226
BM_279,ENSG00000144645,down,0.0001158304080415,-2.26567613702088,tnbc140226
BM_280,ENSG00000148344,down,0.0001257700986399,-1.78552427606295,tnbc140226
BM_281,ENSG00000137463,down,0.0001339493036354,-1.38132006830125,tnbc140226
BM_282,ENSG00000111424,down,0.0001339493036354,-2.48353573941489,tnbc140226
BM_283,ENSG00000123364,down,0.0001628343576179,-1.99781050349568,tnbc140226
BM_284,ENSG00000106804,down,0.0001718805032707,-1.11622987090131,tnbc140226
BM_285,ENSG00000144619,down,0.0001734476651565,-2.69358379475536,tnbc140226
BM_286,ENSG00000223768,down,0.0001791023047207,-1.42690316981376,tnbc140226
BM_287,ENSG00000172379,down,0.0001818590910935,-1.99220410290599,tnbc140226
BM_288,ENSG00000030419,down,0.0002242153913869,-3.94084594202047,tnbc140226
BM_289,ENSG00000271743,down,0.0002293178529835,-1.33000732459838,tnbc140226
BM_290,ENSG00000115267,down,0.0002310818183594,-1.47885760894409,tnbc140226
BM_291,ENSG00000128604,down,0.0002523958648583,-1.0568321166609,tnbc140226
BM_292,ENSG00000176641,down,0.0002620207075737,-2.41190741651985,tnbc140226
BM_293,ENSG00000132623,down,0.0002914756522321,-1.27073629194114,tnbc140226
BM_294,ENSG00000107485,down,0.0002981685629841,-1.76792145050454,tnbc140226
BM_295,ENSG00000111859,down,0.0003060666234934,-4.13549377511481,tnbc140226
BM_296,ENSG00000167157,down,0.000308673443111,-3.4304881111336,tnbc140226
BM_297,ENSG00000203805,down,0.0003322692496473,-6.16512253920659,tnbc140226
BM_298,ENSG00000135749,down,0.0003364904653324,-1.47889898253846,tnbc140226
BM_299,ENSG00000287453,down,0.0003730627600231,-3.10589684558552,tnbc140226
BM_300,ENSG00000125384,down,0.0003972993377765,-5.8332386413157,tnbc140226
BM_301,ENSG00000161681,down,0.0004681049161581,-5.79236200953418,tnbc140226
BM_302,ENSG00000173227,down,0.0004780055584504,-1.11416165456475,tnbc140226
BM_303,ENSG00000021300,down,0.0005176403830801,-1.19315114750834,tnbc140226
BM_304,ENSG00000135205,down,0.0005207679463178,-1.35349237502675,tnbc140226
BM_305,ENSG00000146592,down,0.0005354404667438,-1.52958196481315,tnbc140226
BM_306,ENSG00000115641,down,0.0005440573203966,-1.88595222153029,tnbc140226
BM_307,ENSG00000102048,down,0.0005706721598097,-3.52878020146718,tnbc140226
BM_308,ENSG00000228630,down,0.0005984700082325,-2.51828823452847,tnbc140226
BM_309,ENSG00000187601,down,0.0006204305007405,-2.59339059908107,tnbc140226
BM_310,ENSG00000168404,down,0.0006631317709086,-1.22804420206855,tnbc140226
BM_311,ENSG00000183690,down,0.0007698905504373,-1.27257162340522,tnbc140226
BM_312,ENSG00000248508,down,0.000773421750895,-1.13231902670589,tnbc140226
BM_313,ENSG00000077942,down,0.0008208380971534,-1.33018294647962,tnbc140226
BM_314,ENSG00000165194,down,0.0008557031756652,-2.00745850118792,tnbc140226
BM_315,ENSG00000259972,down,0.000906136327766,-1.02002947950667,tnbc140226
BM_316,ENSG00000148735,down,0.0011314031975214,-1.18575695588778,tnbc140226
BM_317,ENSG00000182240,down,0.0011338279071823,-2.42348358309371,tnbc140226
BM_318,ENSG00000213020,down,0.0011758694540623,-1.19350718614694,tnbc140226
BM_319,ENSG00000236609,down,0.001215799387467,-3.7866723872182,tnbc140226
BM_320,ENSG00000181104,down,0.0013633985395553,-1.61499374070014,tnbc140226
BM_321,ENSG00000157578,down,0.0013655949699199,-1.70192457445022,tnbc140226
BM_322,ENSG00000005249,down,0.0015387742752864,-4.16006819227373,tnbc140226
BM_323,ENSG00000228742,down,0.0016766817738414,-5.4969940087272,tnbc140226
BM_324,ENSG00000140876,down,0.0017792343296762,-1.018747437902,tnbc140226
BM_325,ENSG00000174007,down,0.0019155364498194,-1.16105556478135,tnbc140226
BM_326,ENSG00000143167,down,0.0021478155043033,-1.62312725332906,tnbc140226
BM_327,ENSG00000167642,down,0.0021881468239978,-1.09028118462618,tnbc140226
BM_328,ENSG00000090339,down,0.0022025588486562,-1.26450423254065,tnbc140226
BM_329,ENSG00000049540,down,0.0022657574035253,-4.79177685216922,tnbc140226
BM_330,ENSG00000186007,down,0.0023085464939908,-1.43858976861423,tnbc140226
BM_331,ENSG00000125378,down,0.0023433462718273,-1.50897055398886,tnbc140226
BM_332,ENSG00000262155,down,0.0023489655220694,-2.19741568250428,tnbc140226
BM_333,ENSG00000164161,down,0.0024133113891926,-3.5039878220457,tnbc140226
BM_334,ENSG00000171017,down,0.0024783802108366,-1.32163694233937,tnbc140226
BM_335,ENSG00000117643,down,0.002738899252614,-1.847761576978,tnbc140226
BM_336,ENSG00000171951,down,0.0028269947949044,-1.14659102386334,tnbc140226
BM_337,ENSG00000121454,down,0.0030248984965716,-1.37522555475966,tnbc140226
BM_338,ENSG00000102854,down,0.0031269229717704,-2.09264767180679,tnbc140226
BM_339,ENSG00000261652,down,0.003143611703676,-1.53603796744498,tnbc140226
BM_340,ENSG00000117480,down,0.0031441254267784,-2.18069001535108,tnbc140226
BM_341,ENSG00000224903,down,0.0032246067240021,-1.27311204959781,tnbc140226
BM_342,ENSG00000221866,down,0.0035773925947661,-2.01366407381932,tnbc140226
BM_343,ENSG00000162631,down,0.0036174229216588,-2.50165121734535,tnbc140226
BM_344,ENSG00000249406,down,0.0038947880800606,-1.58005681902168,tnbc140226
BM_345,ENSG00000177409,down,0.0040464521079107,-2.10118272053177,tnbc140226
BM_346,ENSG00000169840,down,0.0041828962787585,-1.21022495517939,tnbc140226
BM_347,ENSG00000186409,down,0.0042489078099933,-1.36260622657795,tnbc140226
BM_348,ENSG00000244879,down,0.0043234891820624,-1.12776538809504,tnbc140226
BM_349,ENSG00000253522,down,0.0044228925864307,-3.65577624465429,tnbc140226
BM_350,ENSG00000167178,down,0.0047539030751738,-1.83920448522369,tnbc140226
BM_351,ENSG00000027644,down,0.0050580605497666,-1.46047631078428,tnbc140226
BM_352,ENSG00000159784,down,0.00530038188811,-1.53918116115782,tnbc140226
BM_353,ENSG00000223764,down,0.005383574540968,-1.99071613199239,tnbc140226
BM_354,ENSG00000052850,down,0.005908004237715,-1.86544720424514,tnbc140226
BM_355,ENSG00000103150,down,0.0059398123270491,-1.10325119928782,tnbc140226
BM_356,ENSG00000286913,down,0.0061619271353136,-1.18799625751965,tnbc140226
BM_357,ENSG00000254416,down,0.0062523002093443,-2.6546909119163,tnbc140226
BM_358,ENSG00000143473,down,0.0064243241272095,-1.05096906575293,tnbc140226
BM_359,ENSG00000245849,down,0.0066097288724303,-1.13981588013054,tnbc140226
BM_360,ENSG00000106823,down,0.0067846717105938,-2.31907629434459,tnbc140226
BM_361,ENSG00000117228,down,0.0068465602963955,-2.84861837191387,tnbc140226
BM_362,ENSG00000154822,down,0.0073990688792303,-1.39796532735714,tnbc140226
BM_363,ENSG00000142233,down,0.0076836294717043,-1.09984874358415,tnbc140226
BM_364,ENSG00000225614,down,0.007917098616173,-1.46525725636516,tnbc140226
BM_365,ENSG00000250133,down,0.0084198231267071,-1.90813234921568,tnbc140226
BM_366,ENSG00000165092,down,0.0086668562465577,-4.74185082366879,tnbc140226
BM_367,ENSG00000148225,down,0.0087248897680616,-1.7845881400731,tnbc140226
BM_368,ENSG00000011677,down,0.008986824494702,-5.14315740913647,tnbc140226
BM_369,ENSG00000115271,down,0.0095876862856927,-2.93021330212584,tnbc140226
BM_370,ENSG00000206072,down,0.0095904584502097,-4.44657626308913,tnbc140226
BM_371,ENSG00000279108,down,0.0103615752948785,-1.97637879948971,tnbc140226
BM_372,ENSG00000167264,down,0.0106606362938747,-1.04541325827318,tnbc140226
BM_373,ENSG00000221955,down,0.0106991151767749,-1.12193083626885,tnbc140226
BM_374,ENSG00000210151,down,0.0106991151767749,-1.07829705593478,tnbc140226
BM_375,ENSG00000106789,down,0.0111208172378044,-1.01811730224618,tnbc140226
BM_376,ENSG00000187486,down,0.0118021807734527,-1.13675992391731,tnbc140226
BM_377,ENSG00000175018,down,0.012549268930185,-1.26249081702422,tnbc140226
BM_378,ENSG00000139508,down,0.0128979995881072,-1.01755218925934,tnbc140226
BM_379,ENSG00000261115,down,0.0129838083974894,-1.30055505871624,tnbc140226
BM_380,ENSG00000183067,down,0.0132211671008078,-2.88366717220551,tnbc140226
BM_381,ENSG00000147655,down,0.013350164683926,-1.13309744928277,tnbc140226
BM_382,ENSG00000251350,down,0.013564812053017,-1.37045156692491,tnbc140226
BM_383,ENSG00000259495,down,0.013564812053017,-3.12579087336971,tnbc140226
BM_384,ENSG00000288612,down,0.0139195378981153,-1.44565405487585,tnbc140226
BM_385,ENSG00000177294,down,0.0143196583698922,-1.27870475255388,tnbc140226
BM_386,ENSG00000162692,down,0.0143392564390914,-2.92272452751981,tnbc140226
BM_387,ENSG00000150672,down,0.0145864087720796,-1.46086494178277,tnbc140226
BM_388,ENSG00000169783,down,0.0147007013679215,-1.85280396769582,tnbc140226
BM_389,ENSG00000137101,down,0.0148052767334417,-1.24700832248938,tnbc140226
BM_390,ENSG00000146950,down,0.0149144068697444,-1.45718719681423,tnbc140226
BM_391,ENSG00000025434,down,0.0149998489394424,-1.14694354954345,tnbc140226
BM_392,ENSG00000133687,down,0.0152181980901969,-1.17714051400534,tnbc140226
BM_393,ENSG00000198074,down,0.0156566459305823,-2.66749071509983,tnbc140226
BM_394,ENSG00000255337,down,0.0156765750861285,-2.02003530316192,tnbc140226
BM_395,ENSG00000233117,down,0.0157606762742978,-1.16572173434544,tnbc140226
BM_396,ENSG00000102886,down,0.0158263242630784,-1.18938864945514,tnbc140226
BM_397,ENSG00000162946,down,0.0164723015182376,-1.50951815991236,tnbc140226
BM_398,ENSG00000262468,down,0.0169106668014164,-1.34309514960243,tnbc140226
BM_399,ENSG00000180616,down,0.0169106668014164,-2.69463885463203,tnbc140226
BM_400,ENSG00000248370,down,0.017246386794112,-1.85505051683128,tnbc140226
BM_401,ENSG00000149294,down,0.0172974199353079,-3.55431018849625,tnbc140226
BM_402,ENSG00000157111,down,0.0174671952753977,-3.22345613700807,tnbc140226
BM_403,ENSG00000159761,down,0.0174781434698254,-1.2319905688715,tnbc140226
BM_404,ENSG00000176928,down,0.0175542351042593,-2.09880037973092,tnbc140226
BM_405,ENSG00000236723,down,0.0176326542575438,-2.01985695309443,tnbc140226
BM_406,ENSG00000185250,down,0.01764693504126,-1.19586368894279,tnbc140226
BM_407,ENSG00000186594,down,0.017692872557429,-1.42323445840926,tnbc140226
BM_408,ENSG00000272540,down,0.0180435074462565,-1.02269133694819,tnbc140226
BM_409,ENSG00000154511,down,0.0183700327829276,-1.16062468868756,tnbc140226
BM_410,ENSG00000140481,down,0.0186825531984505,-4.39401970513062,tnbc140226
BM_411,ENSG00000235092,down,0.0189549794636865,-1.09414121830166,tnbc140226
BM_412,ENSG00000164512,down,0.019312540483982,-3.21235840836421,tnbc140226
BM_413,ENSG00000274630,down,0.0196264886338469,-1.26100574280648,tnbc140226
BM_414,ENSG00000287046,down,0.0198630330699385,-1.88170630978564,tnbc140226
BM_415,ENSG00000271380,down,0.0205859559537704,-1.06512270857419,tnbc140226
BM_416,ENSG00000168491,down,0.0207175069775501,-1.09069654592262,tnbc140226
BM_417,ENSG00000134376,down,0.0210008620707543,-2.31778389421158,tnbc140226
BM_418,ENSG00000135312,down,0.0218105000237953,-2.06855617715091,tnbc140226
BM_419,ENSG00000185269,down,0.0221846773641417,-1.52514417590163,tnbc140226
BM_420,ENSG00000154734,down,0.0222542438690687,-1.12995789265025,tnbc140226
BM_421,ENSG00000103021,down,0.0240947363030001,-1.56542540185346,tnbc140226
BM_422,ENSG00000099953,down,0.0244754877672927,-2.78940456235125,tnbc140226
BM_423,ENSG00000276600,down,0.024588669066346,-1.00764616728365,tnbc140226
BM_424,ENSG00000138623,down,0.0247718034743732,-1.06480439328512,tnbc140226
BM_425,ENSG00000280099,down,0.0251090296871214,-1.47706730408169,tnbc140226
BM_426,ENSG00000078114,down,0.0252660575165817,-2.01625528470155,tnbc140226
BM_427,ENSG00000182585,down,0.0256665432522101,-1.63532663293599,tnbc140226
BM_428,ENSG00000126500,down,0.026608008039677,-1.14908415701476,tnbc140226
BM_429,ENSG00000198796,down,0.0272520333810011,-1.15572048975414,tnbc140226
BM_430,ENSG00000155085,down,0.0275286155755168,-1.1385485521976,tnbc140226
BM_431,ENSG00000015520,down,0.0278255158955158,-1.06975919585817,tnbc140226
BM_432,ENSG00000106034,down,0.0278255158955158,-1.25538638792029,tnbc140226
BM_433,ENSG00000168916,down,0.0287756650181877,-3.13154242700317,tnbc140226
BM_434,ENSG00000231105,down,0.0287959145776042,-1.36416037934512,tnbc140226
BM_435,ENSG00000244513,down,0.0290005662164906,-1.01203695745985,tnbc140226
BM_436,ENSG00000160282,down,0.0299815762115187,-1.51449545641495,tnbc140226
BM_437,ENSG00000038427,down,0.0302642891724469,-4.83412633403704,tnbc140226
BM_438,ENSG00000144481,down,0.0313394939544008,-1.31649720143724,tnbc140226
BM_439,ENSG00000176055,down,0.0313394939544008,-1.1726198998289,tnbc140226
BM_440,ENSG00000095370,down,0.0313394939544008,-1.09078789896224,tnbc140226
BM_441,ENSG00000110002,down,0.0313394939544008,-1.47494913080155,tnbc140226
BM_442,ENSG00000146411,down,0.0314033886125136,-3.1551825628029,tnbc140226
BM_443,ENSG00000266840,down,0.0318937000215758,-3.19649233563649,tnbc140226
BM_444,ENSG00000160097,down,0.0320289440959468,-1.3690770457682,tnbc140226
BM_445,ENSG00000280213,down,0.0324868567127647,-1.17384117864434,tnbc140226
BM_446,ENSG00000173210,down,0.033320949991542,-1.29508692580923,tnbc140226
BM_447,ENSG00000206530,down,0.0352566902211028,-1.06482455140654,tnbc140226
BM_448,ENSG00000260941,down,0.0355745488041575,-1.44770240809494,tnbc140226
BM_449,ENSG00000242779,down,0.0361597882973421,-1.17210321889848,tnbc140226
BM_450,ENSG00000135424,down,0.0372889933479474,-1.00738256616838,tnbc140226
BM_451,ENSG00000165379,down,0.0378811955192568,-2.55333460942897,tnbc140226
BM_452,ENSG00000137261,down,0.03865535637482,-1.22168362455086,tnbc140226
BM_453,ENSG00000157890,down,0.038866197714925,-2.24594601092312,tnbc140226
BM_454,ENSG00000111907,down,0.0391517610503823,-3.28403923233233,tnbc140226
BM_455,ENSG00000241322,down,0.0407768558682986,-2.42871655868598,tnbc140226
BM_456,ENSG00000182798,down,0.0408661573290086,-1.97458207584767,tnbc140226
BM_457,ENSG00000187398,down,0.0414645005378725,-1.23911023344213,tnbc140226
BM_458,ENSG00000275857,down,0.0425421325064651,-1.04467403283047,tnbc140226
BM_459,ENSG00000171435,down,0.0434445464843832,-1.16790341904686,tnbc140226
BM_460,ENSG00000204682,down,0.0438616779910291,-1.21217742763109,tnbc140226
BM_461,ENSG00000177570,down,0.0457118208161312,-1.45242918683528,tnbc140226
BM_462,ENSG00000261799,down,0.0463597844550387,-1.15385543910168,tnbc140226
BM_463,ENSG00000006468,down,0.0469525646783846,-1.19846294357683,tnbc140226
BM_464,ENSG00000178695,down,0.0491637112352211,-1.31777113250464,tnbc140226
BM_465,ENSG00000185261,down,0.0493770783357812,-1.83490657267485,tnbc140226
BM_466,ENSG00000172346,down,0.0499323682380711,-1.6799523572543,tnbc140226
