variant,most_severe_consequence,gene,gene_id,transcript_id,consequence_terms,HGVSc,HGVSp,biotype
1:1049980-1049980 G/C,missense_variant,,ENSG00000188157,ENST00000379370,missense_variant,,,protein_coding
1:1049980-1049980 G/C,missense_variant,,ENSG00000188157,ENST00000620552,missense_variant,,,protein_coding
1:1049980-1049980 G/C,missense_variant,,ENSG00000188157,ENST00000651234,missense_variant,,,protein_coding
1:1049980-1049980 G/C,missense_variant,,ENSG00000188157,ENST00000652369,missense_variant,,,protein_coding
1:1336326-1336326 G/A,missense_variant,,ENSG00000169962,ENST00000378888,missense_variant,,,protein_coding
1:1336326-1336326 G/A,missense_variant,,ENSG00000169962,ENST00000378891,missense_variant,,,protein_coding
1:1336326-1336326 G/A,missense_variant,,ENSG00000169962,ENST00000874577,missense_variant,,,protein_coding
1:1336326-1336326 G/A,missense_variant,,ENSG00000169962,ENST00000911402,missense_variant,,,protein_coding
1:1336326-1336326 G/A,missense_variant,,ENSG00000169962,ENST00000954312,missense_variant,,,protein_coding
1:1336326-1336326 G/A,missense_variant,,ENSG00000169962,ENST00000954313,missense_variant,,,protein_coding
1:1336326-1336326 G/A,missense_variant,,ENSG00000169962,ENST00000954314,missense_variant,,,protein_coding
1:1336326-1336326 G/A,missense_variant,,ENSG00000169962,ENST00000954315,missense_variant,,,protein_coding
1:1391558-1391558 C/A,missense_variant,,ENSG00000221978,ENST00000481223,"missense_variant,NMD_transcript_variant",,,nonsense_mediated_decay
1:6620200-6620200 C/A,missense_variant,,ENSG00000041988,ENST00000377648,missense_variant,,,protein_coding
1:6620200-6620200 C/A,missense_variant,,ENSG00000041988,ENST00000961800,missense_variant,,,protein_coding
1:16006134-16006134 G/T,missense_variant,,ENSG00000183888,ENST00000329454,missense_variant,,,protein_coding
1:16972418-16972418 C/G,missense_variant,,ENSG00000117122,ENST00000375541,missense_variant,,,protein_coding
1:16972418-16972418 C/G,missense_variant,,ENSG00000117122,ENST00000937402,missense_variant,,,protein_coding
1:16972418-16972418 C/G,missense_variant,,ENSG00000117122,ENST00000937403,missense_variant,,,protein_coding
1:16972418-16972418 C/G,missense_variant,,ENSG00000117122,ENST00000937404,missense_variant,,,protein_coding
1:22660991-22660991 G/A,missense_variant,,ENSG00000173369,ENST00000432749,missense_variant,,,protein_coding
1:22660991-22660991 G/A,missense_variant,,ENSG00000173369,ENST00000509305,missense_variant,,,protein_coding
1:22660991-22660991 G/A,missense_variant,,ENSG00000173369,ENST00000510260,missense_variant,,,protein_coding
1:22660991-22660991 G/A,missense_variant,,ENSG00000173369,ENST00000695754,missense_variant,,,protein_coding
1:22660991-22660991 G/A,missense_variant,,ENSG00000173369,ENST00000695755,missense_variant,,,protein_coding
1:22660991-22660991 G/A,missense_variant,,ENSG00000173369,ENST00000695756,missense_variant,,,protein_coding
1:22660991-22660991 G/A,missense_variant,,ENSG00000173369,ENST00000695757,missense_variant,,,protein_coding
1:22660991-22660991 G/A,missense_variant,,ENSG00000173369,ENST00000695760,missense_variant,,,protein_coding
1:22660991-22660991 G/A,missense_variant,,ENSG00000173369,ENST00000695762,missense_variant,,,protein_coding
1:22660991-22660991 G/A,missense_variant,,ENSG00000173369,ENST00000897310,missense_variant,,,protein_coding
1:22660991-22660991 G/A,missense_variant,,ENSG00000173369,ENST00000897311,missense_variant,,,protein_coding
1:22660991-22660991 G/A,missense_variant,,ENSG00000173369,ENST00000897312,missense_variant,,,protein_coding
1:22660991-22660991 G/A,missense_variant,,ENSG00000173369,ENST00000897313,missense_variant,,,protein_coding
1:22660991-22660991 G/A,missense_variant,,ENSG00000173369,ENST00000897314,missense_variant,,,protein_coding
1:22660991-22660991 G/A,missense_variant,,ENSG00000173369,ENST00000952201,missense_variant,,,protein_coding
1:22660991-22660991 G/A,missense_variant,,ENSG00000173369,ENST00000952202,missense_variant,,,protein_coding
1:22660991-22660991 G/A,missense_variant,,ENSG00000173369,ENST00000952203,missense_variant,,,protein_coding
